{
    "Матем.": "-",
    "Русс. Яз.": "-",
    "Биология": "-",
    "География": "-",
    "Англ. Яз. Ягодина": "-",
    "Англ. Яз. Сафарян": "-",
    "История": "-",
    "Литература": "-",
    "Техн. у Мальчиков": "-",
    "Техн. у Девочек": "-",
    "Информатика": "-",
    "Музыка": "-",
    "изо": "-",
    "физкультура": "-",
    "общесьвознание": "-",
    "Разговоры о важном": "-"
}